Job Number,Job Title,Job Location,Prime Contractors,Search Keywords (ZoomInfo),LinkedIn Search,Match Score
3012968,Software Developer Advisor,"Bossier City, LA",Peraton; CACI,"Software Developer Advisor, active secret clearance, federal contractor","""Engineering Manager"" AND (Peraton OR CACI) AND (Bossier City)",4
3013041,Information Systems Security Officer,"Tyndall Air Force Base, FL",Leidos; CACI,"Information Systems Security Officer, Active Secret Security Clearance or higher, federal contractor","""Hiring Manager"" AND (Leidos OR CACI) AND (Tyndall Air Force Base)",6
3013125,Security Control Assessor,"Arlington, VA",CACI,"Security Control Assessor, None, federal contractor","""Hiring Manager"" AND (CACI) AND (Arlington)",12
3014010,EVMS Lead Program Control Consultant,"Herndon, VA","Peraton; Multiple: SAIC, Leidos, Booz Allen Hamilton; Peraton (Perspecta heritage)","EVMS Lead Program Control Consultant, None, federal contractor","""Director"" AND (Peraton OR Multiple: SAIC, Leidos, Booz Allen Hamilton) AND (Herndon)",10
3014247,Project Management Consultant-Level 3 - Senior (11 - 15 Years),"Juno Beach, FL",Peraton; Lockheed Martin; Northrop Grumman,"Project Management Consultant-Level 3 - Senior (11 - 15 Years), None, federal contractor","""Hiring Manager"" AND (Peraton OR Northrop Grumman) AND (Juno Beach)",5
3013295,.NET Developer - Placement,"Washington, VA",Booz Allen Hamilton; GDIT; Leidos,".NET Developer - Placement, None, federal contractor","""Engineering Manager"" AND (Booz Allen Hamilton OR Leidos) AND (Washington)",7
3015483,Sr Business Systems Analyst (PPBE),"Washington, VA",Booz Allen Hamilton; GDIT; GDIT / SAIC (indicative),"Sr Business Systems Analyst (PPBE), None, federal contractor","""Analytics Manager"" AND (Booz Allen Hamilton OR GDIT / SAIC (indicative)) AND (Washington)",7
3014403,Ops Tech II,"St. Louis, MO",Northrop Grumman; CACI; Leidos,"Ops Tech II, None, federal contractor","""Hiring Manager"" AND (Northrop Grumman OR Leidos) AND (St. Louis)",6
3015532,Sr Systems Administrator,"Reston, VA",Leidos,"Sr Systems Administrator, None, federal contractor","""Hiring Manager"" AND (Leidos) AND (Reston)",12
3016673,Communications Network Engineer Mid (Norfolk),"Norfolk, VA",Northrop Grumman (prime); CACI (support); CACI; Leidos,"Communications Network Engineer Mid (Norfolk), None, federal contractor","""Engineering Manager"" AND (Northrop Grumman (prime); CACI (support) OR Leidos) AND (Norfolk)",9
3016779,Network Security Engineer,"Arlington, VA","Peraton / Leidos (indicative); Leidos, CACI, others; CACI","Network Security Engineer, None, federal contractor","""Engineering Manager"" AND (Peraton / Leidos (indicative) OR Leidos, CACI, others) AND (Arlington)",11
3017458,Siemens OpsCenter Solutions Architect,"Norfolk, VA","Northrop Grumman (prime); CACI (support); Multiple: SAIC, Leidos, Booz Allen Hamilton; Leidos","Siemens OpsCenter Solutions Architect, None, federal contractor","""Chief Architect"" AND (Multiple: SAIC, Leidos, Booz Allen Hamilton OR Leidos) AND (Norfolk)",9
3017552,Network Switching Design Engineer Sr-Camp Lejeune,"Jacksonville, NC",SAIC; Leidos,"Network Switching Design Engineer Sr-Camp Lejeune, None, federal contractor","""Engineering Manager"" AND (Leidos) AND (Jacksonville)",8
3018016,Microsoft Systems Engineer,"North Charleston, SC",Multi (SAIC supports parts); Leidos; CSRA / Leidos (team),"Microsoft Systems Engineer, None, federal contractor","""Engineering Manager"" AND (Leidos OR CSRA / Leidos (team)) AND (North Charleston)",6
3018220,Cyber Security Watch Officer LCAT 1 Weekday Night (Monday - Thursday 9pm - 7am),"Fort George G Meade, MD",Peraton; Peraton / others (Peraton lead on ARCYBER Information Advantage Enterprise line; additional primes on related work); Leidos,"Cyber Security Watch Officer LCAT 1 Weekday Night (Monday - Thursday 9pm - 7am), None, federal contractor","""Hiring Manager"" AND (Peraton OR Leidos) AND (Fort George G Meade)",12
3018245,Software Developer,"North Charleston, SC",Multi (SAIC supports parts); Iron Eagle X (now GDIT); Leidos,"Software Developer, None, federal contractor","""Engineering Manager"" AND (Iron Eagle X (now GDIT) OR Leidos) AND (North Charleston)",6
3018477,Tier 1 Network Monitor,"Hampton, VA","BAE; multiple; Multiple: SAIC, Leidos, Booz Allen Hamilton; GDIT","Tier 1 Network Monitor, None, federal contractor","""Hiring Manager"" AND (BAE; multiple OR Multiple: SAIC, Leidos, Booz Allen Hamilton) AND (Hampton)",12
3018277,Software Developer,"North Charleston, SC",Peraton; GDIT; Leidos,"Software Developer, None, federal contractor","""Engineering Manager"" AND (Peraton OR Leidos) AND (North Charleston)",12
3018535,Structural Mechanical/Professional Engineer,"Orlando, FL",Raytheon Intelligence & Space; Jacobs / Amentum (past); Vertex Aerospace,"Structural Mechanical/Professional Engineer, ACTIVE TOP SECRET SECURITY CLEARANCE OR HIGHER AND BE ABL, federal contractor","""Engineering Manager"" AND (Raytheon Intelligence & Space OR Jacobs / Amentum (past)) AND (Orlando)",8
3018571,Senior Cyber Security Specialist,"Fort Belvoir, VA",CACI,"Senior Cyber Security Specialist, None, federal contractor","""Hiring Manager"" AND (CACI) AND (Fort Belvoir)",9
3017439,Engineering Manager,"San Diego, CA",Palantir; Leidos; Northrop Grumman,"Engineering Manager, None, federal contractor","""Engineering Manager"" AND (Palantir OR Northrop Grumman) AND (San Diego)",8
3017935,(VMS) Guidance Navigation &amp; Control Engineer,"Chandler, AZ",Northrop Grumman,"(VMS) Guidance Navigation &amp; Control Engineer, Top Secret clearance required, federal contractor","""Engineering Manager"" AND (Northrop Grumman) AND (Chandler)",12
2091698,Software Packager/Technician - Security Tools,"Hazelwood, MO",Northrop Grumman (prime); CACI (support); BAE; multiple; Northrop Grumman,"Software Packager/Technician - Security Tools, Must be eligible for a Secret Clearance or willing to be processed for one, federal contractor","""Hiring Manager"" AND (Northrop Grumman (prime); CACI (support) OR Northrop Grumman) AND (Hazelwood)",4
3009673,Install Specialist / IT Certified Professional,"Charlottesville, VA",GDIT; SAIC; Leidos,"Install Specialist / IT Certified Professional, TS/SCI Clearance level, federal contractor","""Hiring Manager"" AND (SAIC OR Leidos) AND (Charlottesville)",12
3012636,Data Entry Specialist,"Tucson, AZ",Northrop Grumman & Boeing; Boeing (prime); Northrop & Raytheon (NGI); Northrop Grumman,"Data Entry Specialist, None, federal contractor","""Hiring Manager"" AND (Boeing (prime); Northrop & Raytheon (NGI) OR Northrop Grumman) AND (Tucson)",5
3012964,Software Developer,"Bossier City, LA",CSRA / Leidos (team); Leidos; CACI,"Software Developer, secret clearance OR previously held secret clearance preferred, must have ability to obtain, federal contractor","""Engineering Manager"" AND (CSRA / Leidos (team) OR CACI) AND (Bossier City)",4
3013298,Oracle DBA,"Washington, VA",Peraton; Leidos,"Oracle DBA, None, federal contractor","""Hiring Manager"" AND (Peraton) AND (Washington)",15
3015012,Microsoft Copilot Studio AI SME,"Milford Mill, MD","11 MA-IDIQ primes (incl. CTC, SAIC, Booz Allen, ManTech); 11 primes (CTC, SAIC, Booz Allen, ManTech…); Leidos / Accenture Federal (indicative)","Microsoft Copilot Studio AI SME, None, federal contractor","""Hiring Manager"" AND (11 MA-IDIQ primes (incl. CTC, SAIC, Booz Allen, ManTech) OR 11 primes (CTC, SAIC, Booz Allen, ManTech…)) AND (Milford Mill)",14
3016221,SQL Developer/Administrator,"Redstone Arsenal, AL",Multi (SAIC supports parts); Lockheed Martin; Northrop Grumman,"SQL Developer/Administrator, • Secret security clearance, federal contractor","""Engineering Manager"" AND (Lockheed Martin OR Northrop Grumman) AND (Redstone Arsenal)",6
3017651,Sr Elastic Engineer (EDR/Defend Focus),"Colorado Springs, CO",CACI + Leidos + Peraton + SAIC (various subs); SAIC; Multi (SAIC supports parts),"Sr Elastic Engineer (EDR/Defend Focus), ACTIVE SECRET SECURITY CLEARANCE OR HIGHER TO BE CONS, federal contractor","""Engineering Manager"" AND (CACI + Leidos + Peraton + SAIC (various subs) OR Multi (SAIC supports parts)) AND (Colorado Springs)",14
2049305,Software Engineer - ENG05 - Cleared On-Site,"Aurora, CO",Raytheon Intelligence & Space; Multi (SAIC supports parts); Raytheon,"Software Engineer - ENG05 - Cleared On-Site, None, federal contractor","""Engineering Manager"" AND (Raytheon Intelligence & Space OR Raytheon) AND (Aurora)",10
2089337,Data Center Engineer - RTP (TS/SCI with Full Scope Poly),"Research Triangle Park, NC",Peraton / Leidos (indicative); Leidos,"Data Center Engineer - RTP (TS/SCI with Full Scope Poly), TS/SCI with Full Scope Poly (FSP), federal contractor","""Engineering Manager"" AND (Peraton / Leidos (indicative) OR Leidos) AND (Research Triangle Park)",6
2091444,Technicians &amp; Engineers,"Vandenberg Space Force Base, CA",SAIC; Raytheon; Northrop Grumman,"Technicians &amp; Engineers, ACTIVE TOP SECRET SECURITY CLEARANCE OR HIGHER AND BE ABL, federal contractor","""Engineering Manager"" AND (Raytheon OR Northrop Grumman) AND (Vandenberg Space Force Base)",8
2091995,VDI Systems Administrator,"Savannah, GA","Multi (SAIC supports parts); Multiple: SAIC, Leidos, Booz Allen Hamilton; Leidos","VDI Systems Administrator, TS/SCI, federal contractor","""Hiring Manager"" AND (Multi (SAIC supports parts) OR Multiple: SAIC, Leidos, Booz Allen Hamilton) AND (Savannah)",6
3009212,Systems Administrator,"Fort Belvoir, VA","Multiple: SAIC, Leidos, Booz Allen Hamilton; ManTech; Leidos","Systems Administrator, TS/SCI with active POLY, federal contractor","""Hiring Manager"" AND (ManTech OR Leidos) AND (Fort Belvoir)",7
3010398,(VMS) NDT Test Examiner 2,"Emerado, ND",Scale AI; SAIC; GDIT / SAIC (indicative),"(VMS) NDT Test Examiner 2, Secret Clearance Required, federal contractor","""Hiring Manager"" AND (Scale AI OR SAIC) AND (Emerado)",4
3010415,(VMS) Engineering Writer and Instructor,"Elkridge, MD",Peraton / others (Peraton lead on ARCYBER Information Advantage Enterprise line; additional primes on related work); Leidos,"(VMS) Engineering Writer and Instructor, Secret Clearance Required, federal contractor","""Engineering Manager"" AND (Peraton / others (Peraton lead on ARCYBER Information Advantage Enterprise line; additional primes on related work) OR Leidos) AND (Elkridge)",9
3010789,Client Support / Sys Admin - Site D,"Fayetteville, NC","Multi (SAIC supports parts); Multiple: SAIC, Leidos, Booz Allen Hamilton; CSRA / Leidos (team)","Client Support / Sys Admin - Site D, Secret (this position supports sponsorship for an upgraded security clearance, c, federal contractor","""Hiring Manager"" AND (Multi (SAIC supports parts) OR CSRA / Leidos (team)) AND (Fayetteville)",6
3012188,IT Specialist Senior,"Quantico, VA","Multiple: SAIC, Leidos, Booz Allen Hamilton; CACI; Deloitte; SAIC; GDIT; ManTech","IT Specialist Senior, None, federal contractor","""Hiring Manager"" AND (Multiple: SAIC, Leidos, Booz Allen Hamilton OR CACI; Deloitte; SAIC; GDIT) AND (Quantico)",9
3012589,Secure Enterprise Engineer,"Carlsbad, CA",SAIC; Leidos,"Secure Enterprise Engineer, None, federal contractor","""Engineering Manager"" AND (SAIC OR Leidos) AND (Carlsbad)",8
3012633,JAVA/REACT Developer,"Andover, MA",Raytheon (indicative); Raytheon,"JAVA/REACT Developer, None, federal contractor","""Engineering Manager"" AND (Raytheon) AND (Andover)",10
3012821,Cloud Engineer,"Fayetteville, NC",SAIC (via Engility); SAIC; Peraton / SAIC (indicative),"Cloud Engineer, active Secret Clearance eligible for upgrade., federal contractor","""Engineering Manager"" AND (SAIC OR Peraton / SAIC (indicative)) AND (Fayetteville)",6
3012876,Sr ISSE,"Reston, VA",Leidos,"Sr ISSE, None, federal contractor","""Hiring Manager"" AND (Leidos) AND (Reston)",14
3013245,Deployed Support Specialist Mid- Pensacola,"Pensacola, FL",Peraton; Leidos,"Deployed Support Specialist Mid- Pensacola, None, federal contractor","""Hiring Manager"" AND (Peraton OR Leidos) AND (Pensacola)",7
3013828,Sr Network Engineer,"Reston, VA",Leidos,"Sr Network Engineer, None, federal contractor","""Engineering Manager"" AND (Leidos) AND (Reston)",12
3013253,IT System Engineer,"Fort Worth, TX",Lockheed Martin; Lockheed Martin (indicative),"IT System Engineer, None, federal contractor","""Engineering Manager"" AND (Lockheed Martin) AND (Fort Worth)",12
483185,PRICING ANALYST - SECRET CLEARANCE,"Colorado Springs, Colorado",Multi (SAIC supports parts); SAIC; CACI + Leidos + Peraton + SAIC (various subs),"PRICING ANALYST - SECRET CLEARANCE, Secret, federal contractor","""Analytics Manager"" AND (Multi (SAIC supports parts) OR SAIC) AND (Colorado Springs)",14
463944,DEVSECOPS ENGINEER - SECRET CLEARANCE,"Huntsville, Alabama",SAIC; Leidos; CACI; Booz Allen Hamilton (aggregate DevSecOps/Cyber vendors supporting CSO & P1); Leidos,"DEVSECOPS ENGINEER - SECRET CLEARANCE, Secret, federal contractor","""Engineering Manager"" AND (Leidos) AND (Huntsville)",6
478353,MECHANICAL ENGINEER - SECRET CLEARANCE,"Huntsville, Alabama",Boeing (prime); Northrop & Raytheon (NGI); SAIC; Leidos,"MECHANICAL ENGINEER - SECRET CLEARANCE, Secret, federal contractor","""Engineering Manager"" AND (Boeing (prime); Northrop & Raytheon (NGI) OR Leidos) AND (Huntsville)",12
461214,ELECTRICAL ENGINEER - SECRET CLEARANCE,"Huntsville, Alabama",Northrop Grumman; Lockheed Martin; Leidos,"ELECTRICAL ENGINEER - SECRET CLEARANCE, Secret, federal contractor","""Engineering Manager"" AND (Lockheed Martin OR Leidos) AND (Huntsville)",6
479177,SR. POWER ELECTRIC ENGINEER - CLEARANCE REQUIRED,"Niskayuna, New York",SAIC (via Engility); SAIC; Leidos,"SR. POWER ELECTRIC ENGINEER - CLEARANCE REQUIRED, None, federal contractor","""Engineering Manager"" AND (SAIC OR Leidos) AND (Niskayuna)",6
460819,SENIOR SYSTEMS ENGINEER - SECRET CLEARANCE,"Huntsville, Alabama",Lockheed Martin; SAIC; Leidos,"SENIOR SYSTEMS ENGINEER - SECRET CLEARANCE, Secret, federal contractor","""Engineering Manager"" AND (Lockheed Martin OR Leidos) AND (Huntsville)",6
482039,FPGA DESIGN ENGINEER - SECRET CLEARANCE,"Plymouth, Minnesota",SAIC (via Engility); SAIC; Leidos,"FPGA DESIGN ENGINEER - SECRET CLEARANCE, Secret, federal contractor","""Engineering Manager"" AND (SAIC (via Engility) OR SAIC) AND (Plymouth)",6
447166,SENIOR SOFTWARE ENGINEER (SECRET CLEARANCE),"Tucson, Arizona",Multi (SAIC supports parts); Northrop Grumman,"SENIOR SOFTWARE ENGINEER (SECRET CLEARANCE), Secret, federal contractor","""Engineering Manager"" AND (Northrop Grumman) AND (Tucson)",7
239418,HELP DESK SUPPORT SPEC I,"Detroit, Michigan",Leidos; GDIT; Northrop Grumman,"HELP DESK SUPPORT SPEC I, Secret, federal contractor","""Hiring Manager"" AND (GDIT OR Northrop Grumman) AND (Detroit)",4
443211,SECRET/INTERIM CLEARED OUTSIDE MACHINIST,"Chesapeake, Virginia",CACI (incumbent); GDIT; CACI,"SECRET/INTERIM CLEARED OUTSIDE MACHINIST, Secret, federal contractor","""Hiring Manager"" AND (GDIT OR CACI) AND (Chesapeake)",5
432633,CLEARED MARINE ELECTRICIAN,"Norfolk, Virginia",GDIT; CACI,"CLEARED MARINE ELECTRICIAN, Secret, federal contractor","""Hiring Manager"" AND (GDIT OR CACI) AND (Norfolk)",5
449881,SECRET VULNERABILITY PENETRATION TESTER,"Aberdeen Proving Ground, Maryland",AWS; Microsoft; Google; Oracle; Amazon; Microsoft; Google; Oracle,"SECRET VULNERABILITY PENETRATION TESTER, TS/SCI, federal contractor","""Hiring Manager"" AND (AWS; Microsoft; Google; Oracle OR Amazon; Microsoft; Google; Oracle) AND (Aberdeen Proving Ground)",8
468846,MODEL BASED DEFINITION ENGINEER,"Middletown, Connecticut",Multi (SAIC supports parts); SAIC; Leidos,"MODEL BASED DEFINITION ENGINEER, None, federal contractor","""Engineering Manager"" AND (SAIC OR Leidos) AND (Middletown)",7
482286,SECRET INTEGRATION AND TEST ENGINEER - LEVEL 4,"Aurora, Colorado",Raytheon Intelligence & Space; SAIC; Raytheon,"SECRET INTEGRATION AND TEST ENGINEER - LEVEL 4, Secret, federal contractor","""Engineering Manager"" AND (Raytheon Intelligence & Space OR Raytheon) AND (Aurora)",8
450628,SYSTEMS ADMINISTRATOR,"San Diego, California",L3Harris; L3Harris (historical); Palantir,"SYSTEMS ADMINISTRATOR, Secret, federal contractor","""Hiring Manager"" AND (L3Harris OR L3Harris (historical)) AND (San Diego)",7
480992,TOP SECRET SYSTEM ADMIN,"Niskayuna, New York",L3Harris (historical); GDIT; Leidos,"TOP SECRET SYSTEM ADMIN, Top Secret, federal contractor","""Hiring Manager"" AND (GDIT OR Leidos) AND (Niskayuna)",4
474313,SECRET DEPLOYED SUPPORT SPECIALIST,"Norfolk, Virginia",GDIT; Iron Eagle X (now GDIT); Leidos,"SECRET DEPLOYED SUPPORT SPECIALIST, Secret, federal contractor","""Hiring Manager"" AND (GDIT OR Iron Eagle X (now GDIT)) AND (Norfolk)",7
480738,FIELD ENGINEER (CENTRAL US),"Salt Lake City, Utah",Northrop Grumman; Peraton; CACI,"FIELD ENGINEER (CENTRAL US), None, federal contractor","""Engineering Manager"" AND (Peraton OR CACI) AND (Salt Lake City)",12
451448,ESS HELPDESK TECHNICIAN,"Braddock, Virginia","Multiple: SAIC, Leidos, Booz Allen Hamilton; GDIT; Leidos","ESS HELPDESK TECHNICIAN, Secret, federal contractor","""Hiring Manager"" AND (Multiple: SAIC, Leidos, Booz Allen Hamilton OR GDIT) AND (Braddock)",7
482086,SECRET FULL STACK DEVELOPER,"Dahlgren, Virginia",Peraton / Leidos (indicative); Iron Eagle X (now GDIT); Peraton / SAIC (indicative),"SECRET FULL STACK DEVELOPER, Secret, federal contractor","""Engineering Manager"" AND (Peraton / Leidos (indicative) OR Peraton / SAIC (indicative)) AND (Dahlgren)",7
438003,INFORMATION SYSTEMS SECURITY OFFICER (ISSO),"Sterling Heights, Michigan",Leidos,"INFORMATION SYSTEMS SECURITY OFFICER (ISSO), Secret, federal contractor","""Hiring Manager"" AND (Leidos) AND (Sterling Heights)",6
483609,BUYER'S TECHNICAL WRITER - SECRET,"Colorado Springs, Colorado",L3Harris; CACI + Leidos + Peraton + SAIC (various subs); SAIC,"BUYER'S TECHNICAL WRITER - SECRET, Secret, federal contractor","""Hiring Manager"" AND (CACI + Leidos + Peraton + SAIC (various subs) OR SAIC) AND (Colorado Springs)",12
483170,SECRET SENIOR ELASTIC ENGINEER,"Colorado Springs, Colorado",Multi (SAIC supports parts); SAIC,"SECRET SENIOR ELASTIC ENGINEER, Top Secret, federal contractor","""Engineering Manager"" AND (Multi (SAIC supports parts) OR SAIC) AND (Colorado Springs)",12
458210,TS/SCI SR. NETWORK ENGINEER,"Mount Vernon, Virginia",Peraton / SAIC (indicative); GDIT; Leidos,"TS/SCI SR. NETWORK ENGINEER, TS/SCI, federal contractor","""Engineering Manager"" AND (GDIT OR Leidos) AND (Mount Vernon)",10
480691,SECRET MICROSOFT SYSTEMS ENGINEER,"Goose Creek, South Carolina",L3Harris; Scale AI; L3Harris (historical),"SECRET MICROSOFT SYSTEMS ENGINEER, Secret, federal contractor","""Engineering Manager"" AND (Scale AI OR L3Harris (historical)) AND (Goose Creek)",7
479729,SECRET NETWORK ADMINISTRATOR II (DAYS),"Montgomery, Alabama","Multiple: SAIC, Leidos, Booz Allen Hamilton; SAIC; Leidos","SECRET NETWORK ADMINISTRATOR II (DAYS), Secret, federal contractor","""Hiring Manager"" AND (SAIC OR Leidos) AND (Montgomery)",10
239366,SALES ENGINEER,"Colorado Springs, Colorado",Multi (SAIC supports parts); SAIC; SAIC (major integrator; autonomy & AI work),"SALES ENGINEER, None, federal contractor","""Engineering Manager"" AND (Multi (SAIC supports parts) OR SAIC) AND (Colorado Springs)",10
480429,SECRET WINDOWS SYSTEMS ADMINISTRATOR,"Dahlgren, Virginia","Multiple: SAIC, Leidos, Booz Allen Hamilton; Leidos","SECRET WINDOWS SYSTEMS ADMINISTRATOR, Secret, federal contractor","""Hiring Manager"" AND (Multiple: SAIC, Leidos, Booz Allen Hamilton OR Leidos) AND (Dahlgren)",9
480693,SECRET DEVOPS ENGINEER,"Goose Creek, South Carolina",Leidos; SAIC; Peraton / SAIC (indicative),"SECRET DEVOPS ENGINEER, Secret, federal contractor","""Engineering Manager"" AND (SAIC OR Peraton / SAIC (indicative)) AND (Goose Creek)",8
476947,TS/SCI SENIOR OPTICAL SYSTEMS ENGINEER,"Wilmington, Massachusetts",Raytheon (indicative); Raytheon; Leidos,"TS/SCI SENIOR OPTICAL SYSTEMS ENGINEER, TS/SCI, federal contractor","""Engineering Manager"" AND (Raytheon OR Leidos) AND (Wilmington)",6
478024,SR PROJECT ENGINEER,"Tampa, Florida",Peraton; Leidos,"SR PROJECT ENGINEER, Secret, federal contractor","""Engineering Manager"" AND (Peraton OR Leidos) AND (Tampa)",8
480900,TOP SECRET VIRTUALIZATION/STORAGE ENGINEER,"Dahlgren, Virginia",Leidos; Peraton / SAIC (indicative),"TOP SECRET VIRTUALIZATION/STORAGE ENGINEER, Top Secret, federal contractor","""Engineering Manager"" AND (Leidos OR Peraton / SAIC (indicative)) AND (Dahlgren)",9
483878,TS/SCI SOFTWARE ENGINEER (AFSIM),"Beavercreek, Ohio",SAIC (via Engility); SAIC; Leidos,"TS/SCI SOFTWARE ENGINEER (AFSIM), TS/SCI, federal contractor","""Engineering Manager"" AND (SAIC OR Leidos) AND (Beavercreek)",6
480804,CLEARED MS&A DEVELOPER,"Sunset, Utah",Lockheed Martin; Leidos; Northrop Grumman,"CLEARED MS&A DEVELOPER, Top Secret, federal contractor","""Engineering Manager"" AND (Lockheed Martin OR Northrop Grumman) AND (Sunset)",8
421667,TS/SCI WITH POLY CYBER NETWORK DEFENSE AND EXPLOITATION ANALYST,"Jessup, Maryland",Peraton; Leidos,"TS/SCI WITH POLY CYBER NETWORK DEFENSE AND EXPLOITATION ANALYST, TS/SCI Poly, federal contractor","""Analytics Manager"" AND (Peraton OR Leidos) AND (Jessup)",9
477411,SECRET RF SYSTEM ENGINEER,"Salt Lake City, Utah",Northrop Grumman; SAIC; Leidos,"SECRET RF SYSTEM ENGINEER, Secret, federal contractor","""Engineering Manager"" AND (SAIC OR Leidos) AND (Salt Lake City)",6
482591,MAINTENANCE DATA SPECIALIST,"Atlanta, Georgia",SAIC; Leidos,"MAINTENANCE DATA SPECIALIST, None, federal contractor","""Hiring Manager"" AND (SAIC OR Leidos) AND (Atlanta)",6
481991,REGISTERED NURSE,"Muscatine, Iowa",L3Harris; L3Harris (historical); Leidos,"REGISTERED NURSE, None, federal contractor","""Hiring Manager"" AND (L3Harris (historical) OR Leidos) AND (Muscatine)",4
481690,SECRET TECHNICAL EDITOR,"Rivanna, Virginia",Northrop Grumman (prime); CACI (support); GDIT; CACI,"SECRET TECHNICAL EDITOR, Top Secret, federal contractor","""Hiring Manager"" AND (Northrop Grumman (prime); CACI (support) OR CACI) AND (Rivanna)",7
476216,"SECRET LINUX SYSTEM ADMINISTRATOR (CO SPRINGS, CO)","Colorado Springs, Colorado",Multi (SAIC supports parts); SAIC; Leidos; CACI; Booz Allen Hamilton (aggregate DevSecOps/Cyber vendors supporting CSO & P1); CACI,"SECRET LINUX SYSTEM ADMINISTRATOR (CO SPRINGS, CO), Top Secret, federal contractor","""Hiring Manager"" AND (Multi (SAIC supports parts) OR SAIC; Leidos; CACI; Booz Allen Hamilton (aggregate DevSecOps/Cyber vendors supporting CSO & P1)) AND (Colorado Springs)",12
482242,PYTHON TESTER - V&V,"Sainte-Anne-De-Bellevue, Quebec",Leidos,"PYTHON TESTER - V&V, None, federal contractor","""Hiring Manager"" AND (Leidos) AND (Sainte-Anne-De-Bellevue)",10
371817,HOSPITAL SECURITY OFFICER,"Tarpon Springs, Florida",Leidos,"HOSPITAL SECURITY OFFICER, None, federal contractor","""Hiring Manager"" AND (Leidos) AND (Tarpon Springs)",8
479796,TRANSITION TO OPERATIONS ENGINEER,"El Segundo, California",L3Harris (historical); SAIC; Leidos,"TRANSITION TO OPERATIONS ENGINEER, TS/SCI, federal contractor","""Engineering Manager"" AND (SAIC OR Leidos) AND (El Segundo)",8
456635,SOFTWARE ENGINEER (C++),"Dayton, Ohio",SAIC; Leidos,"SOFTWARE ENGINEER (C++), None, federal contractor","""Engineering Manager"" AND (Leidos) AND (Dayton)",6
473918,PROGRAM MANAGER,"Deerfield Beach, Florida",GDIT; Leidos,"PROGRAM MANAGER, Secret, federal contractor","""Director"" AND (GDIT OR Leidos) AND (Deerfield Beach)",6
480397,KUBERNETES ADMINISTRATOR,"Dayton, Ohio",SAIC; Leidos,"KUBERNETES ADMINISTRATOR, TS/SCI, federal contractor","""Hiring Manager"" AND (Leidos) AND (Dayton)",6
483118,SENIOR ANALYST – IT CAPITAL FINANCIAL MANAGEMENT – INTL INDIA,"Wilmington, Delaware",SAIC; Leidos,"SENIOR ANALYST – IT CAPITAL FINANCIAL MANAGEMENT – INTL INDIA, None, federal contractor","""Analytics Manager"" AND (SAIC OR Leidos) AND (Wilmington)",8
480826,NONDESTRUCTIVE EVALUATION ENGINEER (NDE),"Berkeley, Missouri",SAIC; Leidos,"NONDESTRUCTIVE EVALUATION ENGINEER (NDE), None, federal contractor","""Engineering Manager"" AND (Leidos) AND (Berkeley)",4
470275,C++ SOFTWARE ENGINEER,"Huntsville, Alabama",GDIT; Leidos,"C++ SOFTWARE ENGINEER, Secret, federal contractor","""Engineering Manager"" AND (GDIT OR Leidos) AND (Huntsville)",4
478314,TOP SECRET HARDWARE TECH,"Monroeville, Pennsylvania",SAIC; Leidos,"TOP SECRET HARDWARE TECH, Top Secret, federal contractor","""Hiring Manager"" AND (SAIC OR Leidos) AND (Monroeville)",10
479791,VERIFICATION & VALIDATION ENGINEER,"El Segundo, California","Leidos; Multiple: SAIC, Leidos, Booz Allen Hamilton; Northrop Grumman","VERIFICATION & VALIDATION ENGINEER, TS/SCI, federal contractor","""Engineering Manager"" AND (Leidos OR Northrop Grumman) AND (El Segundo)",13
452489,WELDER,"Huntsville, Alabama",L3Harris; L3Harris (historical); Leidos,"WELDER, Secret, federal contractor","""Hiring Manager"" AND (L3Harris (historical) OR Leidos) AND (Huntsville)",4
480530,SPECIAL EDUCATION PARAPROFESSIONAL,"Salem, Massachusetts",Raytheon & Northrop Grumman; Peraton / others (Peraton lead on ARCYBER Information Advantage Enterprise line; additional primes on related work); Leidos,"SPECIAL EDUCATION PARAPROFESSIONAL, None, federal contractor","""Hiring Manager"" AND (Peraton / others (Peraton lead on ARCYBER Information Advantage Enterprise line; additional primes on related work) OR Leidos) AND (Salem)",6
477052,MARINE ELECTRICIAN,"Kings Bay, Georgia",L3Harris (historical); Leidos,"MARINE ELECTRICIAN, None, federal contractor","""Hiring Manager"" AND (Leidos) AND (Kings Bay)",4
477076,STRUCTURAL WELDER,"Kings Bay, Georgia",L3Harris (historical); Leidos,"STRUCTURAL WELDER, None, federal contractor","""Hiring Manager"" AND (Leidos) AND (Kings Bay)",6
470335,SENIOR NUCLEAR HARDNESS ELECTRICAL ENGINEER,"Hill AFB, Utah",Leidos; SAIC / LinQuest (indicative); Northrop Grumman,"SENIOR NUCLEAR HARDNESS ELECTRICAL ENGINEER, Secret, federal contractor","""Engineering Manager"" AND (SAIC / LinQuest (indicative) OR Northrop Grumman) AND (Hill AFB)",14
479486,2ND SHIFT CNC MACHINIST LEVEL 5,"Huntsville, Alabama",L3Harris (historical); Leidos,"2ND SHIFT CNC MACHINIST LEVEL 5, Secret, federal contractor","""Hiring Manager"" AND (Leidos) AND (Huntsville)",4
466413,IDENTITY ACCESS MANAGER / SME ARCHITECT,"Austin, Texas",Lockheed Martin; Leidos,"IDENTITY ACCESS MANAGER / SME ARCHITECT, TS/SCI Poly, federal contractor","""Chief Architect"" AND (Lockheed Martin OR Leidos) AND (Austin)",7
481890,COPY - TOP SECRET IAM ARCHITECT,"Washington, District Of Columbia",CACI + Leidos + Peraton + SAIC (various subs); SAIC; Leidos,"COPY - TOP SECRET IAM ARCHITECT, TS/SCI Poly, federal contractor","""Chief Architect"" AND (CACI + Leidos + Peraton + SAIC (various subs) OR Leidos) AND (Washington)",7
479148,"MECHANICAL ENGINEER, PE - DESIGNER","San Antonio, Texas",SAIC,"MECHANICAL ENGINEER, PE - DESIGNER, None, federal contractor","""Engineering Manager"" AND (SAIC) AND (San Antonio)",10
477111,PIPEFITTER,"Kings Bay, Georgia",Leidos; Northrop Grumman,"PIPEFITTER, None, federal contractor","""Hiring Manager"" AND (Leidos OR Northrop Grumman) AND (Kings Bay)",6
479487,GNC ENGINEER (FIXED WING),"Huntsville, Alabama",L3Harris (historical); Dynetics; Northrop teams; Leidos,"GNC ENGINEER (FIXED WING), Secret, federal contractor","""Engineering Manager"" AND (Dynetics; Northrop teams OR Leidos) AND (Huntsville)",4
459815,MECHANICAL SYSTEMS ENGINEER,"New London, Connecticut",SAIC; Leidos; CACI; Booz Allen Hamilton (aggregate DevSecOps/Cyber vendors supporting CSO & P1); SAIC (via Engility); SAIC,"MECHANICAL SYSTEMS ENGINEER, Secret, federal contractor","""Engineering Manager"" AND (SAIC (via Engility) OR SAIC) AND (New London)",11
482968,PROGRAM INTEGRATOR,"Huntsville, Alabama",SAIC; Leidos,"PROGRAM INTEGRATOR, Secret, federal contractor","""Hiring Manager"" AND (SAIC OR Leidos) AND (Huntsville)",6
476961,UT INSPECTOR,"Kings Bay, Georgia",SAIC; Leidos,"UT INSPECTOR, None, federal contractor","""Hiring Manager"" AND (Leidos) AND (Kings Bay)",6
481903,TOP SECRET ICAM ARCHITECT,"Washington, District Of Columbia",CACI + Leidos + Peraton + SAIC (various subs); SAIC; Leidos,"TOP SECRET ICAM ARCHITECT, TS/SCI Poly, federal contractor","""Chief Architect"" AND (CACI + Leidos + Peraton + SAIC (various subs) OR Leidos) AND (Washington)",7
474049,TOP SECRET ISSO,"Quantico, Virginia",ManTech; GDIT; Leidos,"TOP SECRET ISSO, Top Secret, federal contractor","""Hiring Manager"" AND (GDIT OR Leidos) AND (Quantico)",9
455774,TS/SCI NETWORK ADMINISTRATOR III (WAN) (AFTERNOON),"Montgomery, Alabama","Multiple: SAIC, Leidos, Booz Allen Hamilton; SAIC; Leidos","TS/SCI NETWORK ADMINISTRATOR III (WAN) (AFTERNOON), TS/SCI, federal contractor","""Hiring Manager"" AND (SAIC OR Leidos) AND (Montgomery)",10
479845,TOP SECRET RESEARCH PHYSICIST 1,"Washington, District Of Columbia",Multi (SAIC supports parts); SAIC; Leidos; GDIT; Booz Allen; CACI; Peraton,"TOP SECRET RESEARCH PHYSICIST 1, Top Secret, federal contractor","""Hiring Manager"" AND (Multi (SAIC supports parts) OR Leidos; GDIT; Booz Allen; CACI; Peraton) AND (Washington)",7
481941,PRICING MANAGER,"Huntsville, Alabama",L3Harris; L3Harris (historical); Leidos,"PRICING MANAGER, Secret, federal contractor","""Director"" AND (L3Harris (historical) OR Leidos) AND (Huntsville)",4
467723,SECRET SECURITY ENGINEER (BOUNDARY),"Montgomery, Alabama",Leidos,"SECRET SECURITY ENGINEER (BOUNDARY), Secret, federal contractor","""Engineering Manager"" AND (Leidos) AND (Montgomery)",6
478776,OPERATING ENGINEER 2,"Springfield, Virginia",GDIT (incumbent pre-MPE); GDIT,"OPERATING ENGINEER 2, None, federal contractor","""Engineering Manager"" AND (GDIT (incumbent pre-MPE) OR GDIT) AND (Springfield)",10
469723,TS/SCI SYSTEMS ADMINISTRATOR,"Dayton, Ohio",SAIC; Leidos,"TS/SCI SYSTEMS ADMINISTRATOR, TS/SCI, federal contractor","""Hiring Manager"" AND (Leidos) AND (Dayton)",6
479894,SECRET CUSTOMER SUPPORT ADMIN,"Vista, California",L3Harris; L3Harris (historical); Leidos,"SECRET CUSTOMER SUPPORT ADMIN, Secret, federal contractor","""Hiring Manager"" AND (L3Harris OR L3Harris (historical)) AND (Vista)",7
482552,RUST DEVELOPER,"Camden, New Jersey",Northrop Grumman; Peraton / others (Peraton lead on ARCYBER Information Advantage Enterprise line; additional primes on related work); Leidos,"RUST DEVELOPER, Secret, federal contractor","""Engineering Manager"" AND (Peraton / others (Peraton lead on ARCYBER Information Advantage Enterprise line; additional primes on related work) OR Leidos) AND (Camden)",6
482978,DIGITAL HARDWARE ENGINEER,"Greece, New York",Leidos,"DIGITAL HARDWARE ENGINEER, None, federal contractor","""Engineering Manager"" AND (Leidos) AND (Greece)",10
474207,SENIOR POSTGRES DATABASE ENGINEER,"Windsor Mill, Maryland",Leidos (historical incumbent); Peraton / others (Peraton lead on ARCYBER Information Advantage Enterprise line; additional primes on related work); Leidos,"SENIOR POSTGRES DATABASE ENGINEER, None, federal contractor","""Engineering Manager"" AND (Leidos (historical incumbent) OR Leidos) AND (Windsor Mill)",7
483547,SALES SUPPORT SPECIALIST,"Sully, Virginia",GDIT; CACI,"SALES SUPPORT SPECIALIST, Public Trust, federal contractor","""Hiring Manager"" AND (CACI) AND (Sully)",5
455777,TS/SCI NETWORK ADMINISTRATOR III (WAN) (AFTERNOON),"Montgomery, Alabama","Multiple: SAIC, Leidos, Booz Allen Hamilton; SAIC; Leidos","TS/SCI NETWORK ADMINISTRATOR III (WAN) (AFTERNOON), TS/SCI, federal contractor","""Hiring Manager"" AND (SAIC OR Leidos) AND (Montgomery)",10
455721,TS/SCI NETWORK ADMINISTRATOR III (WAN) (DAY SHIFT),"Montgomery, Alabama","Multiple: SAIC, Leidos, Booz Allen Hamilton; SAIC; Leidos","TS/SCI NETWORK ADMINISTRATOR III (WAN) (DAY SHIFT), TS/SCI, federal contractor","""Hiring Manager"" AND (SAIC OR Leidos) AND (Montgomery)",10
478637,SECRET ISSO,"Albuquerque, New Mexico",SAIC; Leidos; CACI; Booz Allen Hamilton (aggregate DevSecOps/Cyber vendors supporting CSO & P1); Leidos,"SECRET ISSO, Secret, federal contractor","""Hiring Manager"" AND (SAIC; Leidos; CACI; Booz Allen Hamilton (aggregate DevSecOps/Cyber vendors supporting CSO & P1) OR Leidos) AND (Albuquerque)",6
477119,BLASTER / PAINTER,"Kings Bay, Georgia",Scale AI; Leidos,"BLASTER / PAINTER, None, federal contractor","""Hiring Manager"" AND (Scale AI OR Leidos) AND (Kings Bay)",6
448756,LINUX SYSTEMS ENGINEER (TS),"Chantilly, Virginia",Northrop Grumman (prime); CACI (support); CACI,"LINUX SYSTEMS ENGINEER (TS), Top Secret, federal contractor","""Engineering Manager"" AND (Northrop Grumman (prime); CACI (support) OR CACI) AND (Chantilly)",10
482299,DATA ENGINEER,"Norfolk, Virginia",Palantir; GDIT / SAIC (indicative); CACI,"DATA ENGINEER, Secret, federal contractor","""Engineering Manager"" AND (Palantir OR CACI) AND (Norfolk)",14
471207,TS/SCI + POLY CLEARED LINUX ADMIN/TEST ENGINEER,"Hanover, Maryland",Leidos,"TS/SCI + POLY CLEARED LINUX ADMIN/TEST ENGINEER, TS/SCI Poly, federal contractor","""Engineering Manager"" AND (Leidos) AND (Hanover)",7
476051,TOP SECRET TECHNICAL LEAD ENGINEERING SYSTEM,"Norfolk, Virginia",GDIT; Leidos,"TOP SECRET TECHNICAL LEAD ENGINEERING SYSTEM, Top Secret, federal contractor","""Engineering Manager"" AND (GDIT OR Leidos) AND (Norfolk)",7
480435,TOP SECRET SOFTWARE ENGINEER,"Washington, District Of Columbia",SAIC; Leidos; CACI; Booz Allen Hamilton (aggregate DevSecOps/Cyber vendors supporting CSO & P1); Leidos,"TOP SECRET SOFTWARE ENGINEER, Top Secret, federal contractor","""Engineering Manager"" AND (SAIC; Leidos; CACI; Booz Allen Hamilton (aggregate DevSecOps/Cyber vendors supporting CSO & P1) OR Leidos) AND (Washington)",7
476874,SECRET NON-DESTRUCTIVE TEST TECHNICIAN 2/3,"Palmdale, California",L3Harris; L3Harris (historical); Scale AI,"SECRET NON-DESTRUCTIVE TEST TECHNICIAN 2/3, Secret, federal contractor","""Hiring Manager"" AND (L3Harris OR L3Harris (historical)) AND (Palmdale)",7
456010,SECRET NETWORK ADMINISTRATOR II (WAN) (AFTERNOONS),"Montgomery, Alabama","Multiple: SAIC, Leidos, Booz Allen Hamilton; SAIC; Leidos","SECRET NETWORK ADMINISTRATOR II (WAN) (AFTERNOONS), Secret, federal contractor","""Hiring Manager"" AND (SAIC OR Leidos) AND (Montgomery)",10
480030,SUPPLY CHAIN SYSTEMS ENGINEER,"Mclean, Virginia",Leidos; GDIT; Microsoft,"SUPPLY CHAIN SYSTEMS ENGINEER, None, federal contractor","""Engineering Manager"" AND (Leidos OR Microsoft) AND (Mclean)",8
479781,SCHEDULER,"Colorado Springs, Colorado",SAIC; Leidos; CACI; Booz Allen Hamilton (aggregate DevSecOps/Cyber vendors supporting CSO & P1); SAIC (via Engility); SAIC,"SCHEDULER, TS/SCI, federal contractor","""Hiring Manager"" AND (SAIC; Leidos; CACI; Booz Allen Hamilton (aggregate DevSecOps/Cyber vendors supporting CSO & P1) OR SAIC) AND (Colorado Springs)",16
464764,POWER PLATFORM DEVELOPER,"Alexandria, Virginia",Peraton / Leidos (indicative); GDIT / Peraton (indicative); Iron Eagle X (now GDIT),"POWER PLATFORM DEVELOPER, Secret, federal contractor","""Engineering Manager"" AND (Peraton / Leidos (indicative) OR GDIT / Peraton (indicative)) AND (Alexandria)",7
478959,TS/SCI ENGINEERING TECHNICIAN,"San Antonio, Texas",SAIC (inferred); SAIC,"TS/SCI ENGINEERING TECHNICIAN, TS/SCI, federal contractor","""Engineering Manager"" AND (SAIC) AND (San Antonio)",10
483058,SOFTWARE ENGINEER,"Dayton, Ohio",SAIC; Leidos,"SOFTWARE ENGINEER, None, federal contractor","""Engineering Manager"" AND (SAIC OR Leidos) AND (Dayton)",4
483246,TSSCI TIER 1 NETWORK MONITOR (EAST COAST),"Hampton, Virginia",CACI; Deloitte; SAIC; GDIT; GDIT; Peraton / SAIC (indicative),"TSSCI TIER 1 NETWORK MONITOR (EAST COAST), TS/SCI, federal contractor","""Hiring Manager"" AND (GDIT OR Peraton / SAIC (indicative)) AND (Hampton)",7
480214,TS/SCI LOGISTICS SPECIALIST,"San Antonio, Texas",SAIC (inferred); SAIC,"TS/SCI LOGISTICS SPECIALIST, TS/SCI, federal contractor","""Hiring Manager"" AND (SAIC) AND (San Antonio)",12
483336,TOP SECRET SPLUNK ENGINEER,"Vienna, Virginia",SAIC; Leidos,"TOP SECRET SPLUNK ENGINEER, Top Secret, federal contractor","""Engineering Manager"" AND (SAIC OR Leidos) AND (Vienna)",8
478414,TOP SECRET AWS ENGINEER,"Vienna, Virginia",Leidos; GDIT; Peraton / SAIC (indicative),"TOP SECRET AWS ENGINEER, Top Secret Poly, federal contractor","""Engineering Manager"" AND (GDIT OR Peraton / SAIC (indicative)) AND (Vienna)",9
313138,ELECTRICAL ENGINEER,"Cockeysville, Maryland",Northrop Grumman; Leidos,"ELECTRICAL ENGINEER, Secret, federal contractor","""Engineering Manager"" AND (Leidos) AND (Cockeysville)",9
479108,TS/SCI PROGRAM MANAGER,"San Antonio, Texas",SAIC,"TS/SCI PROGRAM MANAGER, TS/SCI, federal contractor","""Director"" AND (SAIC) AND (San Antonio)",10
480003,TRANSPORTATION AND SHIPPING COORDINATOR,"Mclean, Virginia",Leidos; GDIT; Microsoft,"TRANSPORTATION AND SHIPPING COORDINATOR, None, federal contractor","""Hiring Manager"" AND (Leidos OR Microsoft) AND (Mclean)",10
480203,TS/SCI CI POLY SOFTWARE ENGINEER,"Colorado Springs, Colorado",SAIC (via Engility); SAIC,"TS/SCI CI POLY SOFTWARE ENGINEER, TS/SCI Poly, federal contractor","""Engineering Manager"" AND (SAIC) AND (Colorado Springs)",12
461070,TS/SCI C++ SOFTWARE ENGINEER,"Redondo Beach, California",Northrop Grumman,"TS/SCI C++ SOFTWARE ENGINEER, TS/SCI, federal contractor","""Engineering Manager"" AND (Northrop Grumman) AND (Redondo Beach)",10
478425,TS/SCI SYSTEM ADMINISTRATOR,"Grand Forks, North Dakota",Leidos,"TS/SCI SYSTEM ADMINISTRATOR, TS/SCI, federal contractor","""Hiring Manager"" AND (Leidos) AND (Grand Forks)",6
481705,SYSTEMS ENGINEER - LEVEL 3,"Anaheim, California",L3Harris; L3Harris (historical); Leidos,"SYSTEMS ENGINEER - LEVEL 3, Secret, federal contractor","""Engineering Manager"" AND (L3Harris OR L3Harris (historical)) AND (Anaheim)",12
464235,SR NETWORK DESIGN ENGINEER,"'Aiea, Hawaii",Leidos,"SR NETWORK DESIGN ENGINEER, Secret, federal contractor","""Engineering Manager"" AND (Leidos) AND ('Aiea)",6
481743,SECRET KNOWLEDGE MANAGEMENT SPECIALIST,"Suffolk, Virginia",Peraton / SAIC (indicative); CACI; Deloitte; SAIC; GDIT; Leidos,"SECRET KNOWLEDGE MANAGEMENT SPECIALIST, Secret, federal contractor","""Hiring Manager"" AND (CACI; Deloitte; SAIC; GDIT OR Leidos) AND (Suffolk)",8
479588,DATA ENGINEER,"Scott Air Force Base, Illinois",Palantir; Peraton / Leidos (indicative); Leidos,"DATA ENGINEER, Top Secret, federal contractor","""Engineering Manager"" AND (Palantir OR Leidos) AND (Scott Air Force Base)",6
479717,SECRET NETWORK ADMINISTRATOR II (MIDNIGHTS),"Montgomery, Alabama","Multiple: SAIC, Leidos, Booz Allen Hamilton; SAIC; Leidos","SECRET NETWORK ADMINISTRATOR II (MIDNIGHTS), Secret, federal contractor","""Hiring Manager"" AND (SAIC OR Leidos) AND (Montgomery)",10
483603,DATA ANALYST,"O'fallon, Illinois",Peraton; Iron Eagle X (now GDIT); Leidos,"DATA ANALYST, Secret, federal contractor","""Analytics Manager"" AND (Peraton OR Leidos) AND (O'fallon)",8
479003,FULL STACK ENGINEER,"Arlington, Virginia",CACI,"FULL STACK ENGINEER, TS/SCI, federal contractor","""Engineering Manager"" AND (CACI) AND (Arlington)",10
482779,PRE-DEPLOYMENT MANAGER,"Frederick, Maryland",Leidos,"PRE-DEPLOYMENT MANAGER, None, federal contractor","""Director"" AND (Leidos) AND (Frederick)",16
477171,SOFTWARE ARCHITECT,"Alexandria, Virginia","Multiple: SAIC, Leidos, Booz Allen Hamilton; GDIT; CACI","SOFTWARE ARCHITECT, Secret, federal contractor","""Chief Architect"" AND (Multiple: SAIC, Leidos, Booz Allen Hamilton OR CACI) AND (Alexandria)",7
483240,TSSCI TIER 1 NETWORK MONITOR,"Beale AFB, California",L3Harris; L3Harris (historical); Leidos,"TSSCI TIER 1 NETWORK MONITOR, TS/SCI, federal contractor","""Hiring Manager"" AND (L3Harris OR L3Harris (historical)) AND (Beale AFB)",7
477104,SHIPWRIGHT,"Kings Bay, Georgia",L3Harris; L3Harris (historical); Leidos,"SHIPWRIGHT, None, federal contractor","""Hiring Manager"" AND (L3Harris (historical) OR Leidos) AND (Kings Bay)",4
436063,PROJECT MANAGER,"Madison, Alabama",Leidos,"PROJECT MANAGER, None, federal contractor","""Director"" AND (Leidos) AND (Madison)",6
296131,SECRET CLEARED SOLUTIONS ARCHITECT,"Saint Louis, Missouri",CACI; SAIC; Leidos,"SECRET CLEARED SOLUTIONS ARCHITECT, Secret, federal contractor","""Chief Architect"" AND (SAIC OR Leidos) AND (Saint Louis)",6
461572,SENIOR INTEGRATION SPECIALIST,"Manassas, Virginia","Peraton / Leidos (indicative); Multiple: SAIC, Leidos, Booz Allen Hamilton; Leidos","SENIOR INTEGRATION SPECIALIST, Top Secret, federal contractor","""Hiring Manager"" AND (Peraton / Leidos (indicative) OR Leidos) AND (Manassas)",9
453512,SECRET APPLICATION DEVELOPER,"Fairfax, Virginia",Leidos; Peraton / SAIC (indicative); CACI,"SECRET APPLICATION DEVELOPER, Secret, federal contractor","""Engineering Manager"" AND (Peraton / SAIC (indicative) OR CACI) AND (Fairfax)",9
239458,EMBEDDED SOFTWARE ENGINEER,"Broomfield, Colorado",SAIC (via Engility); SAIC; Leidos,"EMBEDDED SOFTWARE ENGINEER, TS/SCI, federal contractor","""Engineering Manager"" AND (SAIC (via Engility) OR SAIC) AND (Broomfield)",7
483067,TSSCI CYBER ANALYST,"Hampton, Virginia","Multiple: SAIC, Leidos, Booz Allen Hamilton; GDIT; Leidos","TSSCI CYBER ANALYST, TS/SCI, federal contractor","""Analytics Manager"" AND (Multiple: SAIC, Leidos, Booz Allen Hamilton OR Leidos) AND (Hampton)",8
481235,ISSO- TOP SECRET- ON SITE,"Oakton, Virginia","Multiple: SAIC, Leidos, Booz Allen Hamilton; GDIT; CACI","ISSO- TOP SECRET- ON SITE, Top Secret, federal contractor","""Hiring Manager"" AND (Multiple: SAIC, Leidos, Booz Allen Hamilton OR CACI) AND (Oakton)",7
481938,CYBER SECURITY ENGINEER,"Groton, Connecticut",L3Harris; SAIC; Leidos,"CYBER SECURITY ENGINEER, None, federal contractor","""Engineering Manager"" AND (L3Harris OR SAIC) AND (Groton)",9
479788,SAFETY ENGINEER,"El Segundo, California",L3Harris; L3Harris (historical); Leidos,"SAFETY ENGINEER, TS/SCI, federal contractor","""Engineering Manager"" AND (L3Harris OR L3Harris (historical)) AND (El Segundo)",7
483098,TSSCI CYBER CAPABILITIES TRAINER,"Hampton, Virginia",ManTech; Leidos,"TSSCI CYBER CAPABILITIES TRAINER, TS/SCI, federal contractor","""Hiring Manager"" AND (Leidos) AND (Hampton)",6
479181,HARDWARE LAB STRING ENGINEER,"Woburn, Massachusetts",Leidos,"HARDWARE LAB STRING ENGINEER, None, federal contractor","""Engineering Manager"" AND (Leidos) AND (Woburn)",8
479672,TS/SCI PROGRAM ADMINISTRATOR,"San Antonio, Texas",SAIC,"TS/SCI PROGRAM ADMINISTRATOR, TS/SCI, federal contractor","""Hiring Manager"" AND (SAIC) AND (San Antonio)",10
479037,SUPPORT COUNSELOR,"Santa Cruz, California",L3Harris; L3Harris (historical); GDIT,"SUPPORT COUNSELOR, None, federal contractor","""Hiring Manager"" AND (L3Harris OR L3Harris (historical)) AND (Santa Cruz)",7
467119,"TOP SECRET FSR ANALYST (WASHINGTON, DC & FT. CAMPBELL, KY)","Washington, District Of Columbia",Multi (SAIC supports parts); SAIC; Leidos; CACI; Booz Allen Hamilton (aggregate DevSecOps/Cyber vendors supporting CSO & P1); Leidos; GDIT; Booz Allen; CACI; Peraton,"TOP SECRET FSR ANALYST (WASHINGTON, DC & FT. CAMPBELL, KY), Top Secret, federal contractor","""Analytics Manager"" AND (Multi (SAIC supports parts) OR SAIC; Leidos; CACI; Booz Allen Hamilton (aggregate DevSecOps/Cyber vendors supporting CSO & P1)) AND (Washington)",7
468922,SYSTEM ADMINISTRATOR II (BIG IP F5),"Montgomery, Alabama","Multiple: SAIC, Leidos, Booz Allen Hamilton; SAIC; Leidos","SYSTEM ADMINISTRATOR II (BIG IP F5), Secret, federal contractor","""Hiring Manager"" AND (SAIC OR Leidos) AND (Montgomery)",10
478431,SECRET CLEARED WINDOWS AND LINUX ADMIN,"Pearl City, Hawaii","Multi (SAIC supports parts); Multiple: SAIC, Leidos, Booz Allen Hamilton; Leidos","SECRET CLEARED WINDOWS AND LINUX ADMIN, Secret, federal contractor","""Hiring Manager"" AND (Multi (SAIC supports parts) OR Multiple: SAIC, Leidos, Booz Allen Hamilton) AND (Pearl City)",6
482651,UH-60 SHEET METAL AIRCRAFT MECHANIC IIII,"Meridianville, Alabama",L3Harris; L3Harris (historical); Leidos,"UH-60 SHEET METAL AIRCRAFT MECHANIC IIII, Secret, federal contractor","""Hiring Manager"" AND (L3Harris (historical) OR Leidos) AND (Meridianville)",4
402196,PROJECT CONTROLS,"Dhs, Virginia","Multiple: SAIC, Leidos, Booz Allen Hamilton; GDIT","PROJECT CONTROLS, Public Trust, federal contractor","""Hiring Manager"" AND (Multiple: SAIC, Leidos, Booz Allen Hamilton OR GDIT) AND (Dhs)",7
474162,DEPUTY PROGRAM MANAGER,"Chambersburg, Pennsylvania",Northrop Grumman; SAIC; Leidos,"DEPUTY PROGRAM MANAGER, Secret, federal contractor","""Director"" AND (SAIC OR Leidos) AND (Chambersburg)",8
474958,"INFORMATION SYSTEM SECURITY MANAGER (ISSM) - WARREN, MICHIGAN","Sterling Heights, Michigan",GDIT; Leidos,"INFORMATION SYSTEM SECURITY MANAGER (ISSM) - WARREN, MICHIGAN, None, federal contractor","""Director"" AND (GDIT OR Leidos) AND (Sterling Heights)",6
476039,AEROMECHANICAL ENGINEER,"Solana Beach, California",L3Harris; L3Harris (historical); Leidos,"AEROMECHANICAL ENGINEER, Secret, federal contractor","""Engineering Manager"" AND (L3Harris OR L3Harris (historical)) AND (Solana Beach)",7
476770,CONSTRUCTION SURVEILLANCE TECHNICIAN (CST) I,"Wailuku, Hawaii",L3Harris (historical); Leidos,"CONSTRUCTION SURVEILLANCE TECHNICIAN (CST) I, Top Secret, federal contractor","""Hiring Manager"" AND (Leidos) AND (Wailuku)",4
482180,SR. SOFTWARE ENGINEER W/ POLYGRAPH,"Sully, Virginia",Microsoft; GDIT; Peraton / SAIC (indicative),"SR. SOFTWARE ENGINEER W/ POLYGRAPH, TS/SCI Poly, federal contractor","""Engineering Manager"" AND (GDIT OR Peraton / SAIC (indicative)) AND (Sully)",9
477098,SHIPFITTER,"Kings Bay, Georgia",L3Harris (historical); Leidos,"SHIPFITTER, None, federal contractor","""Hiring Manager"" AND (Leidos) AND (Kings Bay)",6
483144,QUALITY ENGINEER,"Cleveland, Ohio",Lockheed Martin; Leidos,"QUALITY ENGINEER, None, federal contractor","""Engineering Manager"" AND (Leidos) AND (Cleveland)",6
453521,SECRET SATELLITE SYSTEMS ENGINEER,"Grand Forks, North Dakota",GDIT; Leidos,"SECRET SATELLITE SYSTEMS ENGINEER, Secret, federal contractor","""Engineering Manager"" AND (Leidos) AND (Grand Forks)",6
459677,TOP SECRET OPERATIONS SUPPORT ENGINEER,"Huntsville, Alabama",SAIC; Leidos,"TOP SECRET OPERATIONS SUPPORT ENGINEER, Top Secret, federal contractor","""Engineering Manager"" AND (SAIC OR Leidos) AND (Huntsville)",10
479699,SECRET DATABASE ENGINEER,"Herndon, Virginia","Peraton; Multiple: SAIC, Leidos, Booz Allen Hamilton; Peraton / SAIC (indicative)","SECRET DATABASE ENGINEER, Secret, federal contractor","""Engineering Manager"" AND (Peraton OR Multiple: SAIC, Leidos, Booz Allen Hamilton) AND (Herndon)",18
436233,SECRET DATACENTER SME,"Suffolk, Virginia",Peraton / Leidos (indicative); SAIC; Peraton / SAIC (indicative),"SECRET DATACENTER SME, Secret, federal contractor","""Hiring Manager"" AND (Peraton / Leidos (indicative) OR Peraton / SAIC (indicative)) AND (Suffolk)",9
454385,"SECRET FSR ANALYST (CALIBAN: SAN FRANCISCO, CA; MIAMI, FL; JUNEAU, AK)","San Francisco, California",L3Harris; L3Harris (historical); Leidos,"SECRET FSR ANALYST (CALIBAN: SAN FRANCISCO, CA; MIAMI, FL; JUNEAU, AK), Secret, federal contractor","""Analytics Manager"" AND (L3Harris (historical) OR Leidos) AND (San Francisco)",8
483590,AIR MOBILITY OPERATIONS SME,"O'fallon, Illinois","Multiple: SAIC, Leidos, Booz Allen Hamilton; Leidos","AIR MOBILITY OPERATIONS SME, Top Secret, federal contractor","""Hiring Manager"" AND (Leidos) AND (O'fallon)",8
477769,ELECTRO-MECHANICAL ASSEMBLY TECHNICIAN,"San Diego, California",L3Harris; L3Harris (historical); Leidos,"ELECTRO-MECHANICAL ASSEMBLY TECHNICIAN, Secret, federal contractor","""Hiring Manager"" AND (L3Harris OR L3Harris (historical)) AND (San Diego)",7
350529,SENIOR MECHANICAL EQUIPMENT & TOOL ENGINEER,"Seattle, Washington",SAIC (via Engility); SAIC; Northrop Grumman,"SENIOR MECHANICAL EQUIPMENT & TOOL ENGINEER, Top Secret, federal contractor","""Engineering Manager"" AND (SAIC (via Engility) OR SAIC) AND (Seattle)",6
475841,SUPERINTENDENT - MILCON,"Fort Bliss, Texas",SAIC; Leidos,"SUPERINTENDENT - MILCON, Secret, federal contractor","""Hiring Manager"" AND (SAIC OR Leidos) AND (Fort Bliss)",9
479753,V-22 AIRCRAFT MAINTENANCE AND MODIFICATION TECHNICIAN,"San Diego, California",L3Harris; L3Harris (historical); Northrop Grumman,"V-22 AIRCRAFT MAINTENANCE AND MODIFICATION TECHNICIAN, Secret, federal contractor","""Hiring Manager"" AND (L3Harris OR L3Harris (historical)) AND (San Diego)",7
482139,SECRET LEAD F-16 SIMULATOR TECHNICIAN,"Sunset, Utah",Northrop Grumman (assumed); Northrop Grumman,"SECRET LEAD F-16 SIMULATOR TECHNICIAN, Secret, federal contractor","""Director"" AND (Northrop Grumman) AND (Sunset)",7
460481,TS/SCI - SENIOR SURVIVABILITY ENGINEER,"Huntsville, Alabama",Lockheed Martin; Leidos,"TS/SCI - SENIOR SURVIVABILITY ENGINEER, TS/SCI, federal contractor","""Engineering Manager"" AND (Lockheed Martin OR Leidos) AND (Huntsville)",6
483792,SECRET SOFTWARE ENGINEER,"Colorado Springs, Colorado",SAIC (via Engility); SAIC,"SECRET SOFTWARE ENGINEER, Top Secret, federal contractor","""Engineering Manager"" AND (SAIC (via Engility) OR SAIC) AND (Colorado Springs)",14
314201,CLEARED ELECTRONIC WARFARE ENGINEER,"Manchester, New Hampshire",SAIC (via Engility); SAIC; Leidos,"CLEARED ELECTRONIC WARFARE ENGINEER, Top Secret, federal contractor","""Engineering Manager"" AND (SAIC OR Leidos) AND (Manchester)",8
455231,CYBER SYSTEMS & NETWORK OPERATIONS SPECIALIST- TS,"Lincoln, Massachusetts","Multiple: SAIC, Leidos, Booz Allen Hamilton; Raytheon; Leidos","CYBER SYSTEMS & NETWORK OPERATIONS SPECIALIST- TS, Top Secret, federal contractor","""Hiring Manager"" AND (Raytheon OR Leidos) AND (Lincoln)",10
462446,SECRET AMPHIBIOUS RAIDS INSTRUCTOR,"Jacksonville, North Carolina",L3Harris; L3Harris (historical); Leidos,"SECRET AMPHIBIOUS RAIDS INSTRUCTOR, Secret, federal contractor","""Hiring Manager"" AND (L3Harris OR L3Harris (historical)) AND (Jacksonville)",7
479658,TS/SCI SENIOR DEVSECOPS ENGINEER,"Hanahan, South Carolina",L3Harris; L3Harris (historical); Peraton / SAIC (indicative),"TS/SCI SENIOR DEVSECOPS ENGINEER, TS/SCI, federal contractor","""Engineering Manager"" AND (L3Harris OR L3Harris (historical)) AND (Hanahan)",7
449101,CBP GCP PLATFORM ENGINEER (MID-LEVEL),"Broad Run, Virginia","Multiple: SAIC, Leidos, Booz Allen Hamilton; GDIT; Peraton / SAIC (indicative)","CBP GCP PLATFORM ENGINEER (MID-LEVEL), Top Secret, federal contractor","""Engineering Manager"" AND (Multiple: SAIC, Leidos, Booz Allen Hamilton OR Peraton / SAIC (indicative)) AND (Broad Run)",9
437999,TS/SCI - GCCS SYSTEMS ENGINEER,"Colorado Springs, Colorado",L3Harris; SAIC,"TS/SCI - GCCS SYSTEMS ENGINEER, TS/SCI, federal contractor","""Engineering Manager"" AND (L3Harris OR SAIC) AND (Colorado Springs)",12
476933,TOP SECRET ELECTRONICS EXPLOITATION DEPLOYER,"Aberdeen Proving Ground, Maryland",AWS; Microsoft; Google; Oracle; Amazon; Microsoft; Google; Oracle,"TOP SECRET ELECTRONICS EXPLOITATION DEPLOYER, TS/SCI, federal contractor","""Hiring Manager"" AND (AWS; Microsoft; Google; Oracle OR Amazon; Microsoft; Google; Oracle) AND (Aberdeen Proving Ground)",8
453153,ELECTRICAL ENGINEER 4,"Tucson, Arizona",Leidos; Northrop Grumman,"ELECTRICAL ENGINEER 4, Secret, federal contractor","""Engineering Manager"" AND (Leidos OR Northrop Grumman) AND (Tucson)",8
478759,CAPTURE MANAGER,"Huntsville, Alabama",SAIC; Leidos,"CAPTURE MANAGER, Secret, federal contractor","""Director"" AND (Leidos) AND (Huntsville)",8
481972,SECRET NETWORK ENGINEER,"Fairfax, Virginia",Raytheon Intelligence & Space; CACI; Leidos,"SECRET NETWORK ENGINEER, Secret, federal contractor","""Engineering Manager"" AND (Raytheon Intelligence & Space OR Leidos) AND (Fairfax)",10
476455,COLDFUSION DEVELOPER,"New York, New York",Northrop Grumman; Leidos,"COLDFUSION DEVELOPER, None, federal contractor","""Engineering Manager"" AND (Leidos) AND (New York)",6
476549,CNC PROGRAMMER,"Jacksonville, Florida",Raytheon; Leidos,"CNC PROGRAMMER, None, federal contractor","""Hiring Manager"" AND (Raytheon OR Leidos) AND (Jacksonville)",4
479258,JUNIOR NUCLEAR HARDNESS ELECTRICAL ENGINEER,"Hill AFB, Utah",Leidos; SAIC / LinQuest (indicative); Northrop Grumman,"JUNIOR NUCLEAR HARDNESS ELECTRICAL ENGINEER, Secret, federal contractor","""Engineering Manager"" AND (SAIC / LinQuest (indicative) OR Northrop Grumman) AND (Hill AFB)",14
477425,SIMULATION SYSTEMS ENGINEER II,"Suffolk, Virginia",Peraton; CACI; Leidos,"SIMULATION SYSTEMS ENGINEER II, None, federal contractor","""Engineering Manager"" AND (Peraton OR Leidos) AND (Suffolk)",11
426530,CLEARED GNC SR. PRINCIPAL ENGINEER,"Chandler, Arizona",Northrop & L3Harris (co-primes); Northrop Grumman,"CLEARED GNC SR. PRINCIPAL ENGINEER, None, federal contractor","""Engineering Manager"" AND (Northrop & L3Harris (co-primes) OR Northrop Grumman) AND (Chandler)",14
434176,SECRET CLEARED TECHNICAL WRITER,"San Diego, California",L3Harris; L3Harris (historical); Leidos,"SECRET CLEARED TECHNICAL WRITER, Secret, federal contractor","""Hiring Manager"" AND (L3Harris OR L3Harris (historical)) AND (San Diego)",7
471236,ONSITE PLM APPLICATION ANALYST,"East Hartford, Connecticut",Multi (SAIC supports parts); SAIC,"ONSITE PLM APPLICATION ANALYST, None, federal contractor","""Analytics Manager"" AND (Multi (SAIC supports parts) OR SAIC) AND (East Hartford)",7
480870,TOP SECRET .NET DEVELOPER,"Ashburn, Virginia",CACI; Deloitte; SAIC; GDIT; Peraton / SAIC (indicative); CACI,"TOP SECRET .NET DEVELOPER, Top Secret, federal contractor","""Engineering Manager"" AND (Peraton / SAIC (indicative) OR CACI) AND (Ashburn)",7
447457,TS/SCI COMPLY-TO-CONNECT & ENDPOINT POLICY ANALYST,"Alexandria, Virginia","Northrop Grumman; Multiple: SAIC, Leidos, Booz Allen Hamilton; Leidos","TS/SCI COMPLY-TO-CONNECT & ENDPOINT POLICY ANALYST, TS/SCI, federal contractor","""Analytics Manager"" AND (Multiple: SAIC, Leidos, Booz Allen Hamilton OR Leidos) AND (Alexandria)",9
